INSERT INTO products (id, name, description, basePrice, stock, hasColorOptions, hasAddonOptions, totalViews, isFeatured, status, averageRating, categoryId, brandId, createdAt)
VALUES
    (1, 'Product 1 - Magnam porro consect', 'Sit quisquam neque modi. Magnam dolor sed ut voluptatem labore labore. Velit est consectetur numquam. Neque aliquam voluptatem aliquam voluptatem porro amet. Tempora non tempora non ut ipsum amet sit. Ut magnam dolor est. Porro etincidunt numquam velit modi voluptatem.', 345.4, 0, 0, 1, 2747, 1, 0, 4.9, 4, 9, '2024-03-11 17:13:09'),
    (2, 'Product 2 - Dolor velit porro ve', 'Quiquia ipsum neque ipsum labore. Aliquam ut dolor tempora aliquam sit quisquam. Dolore eius sit tempora quisquam quaerat. Consectetur quaerat dolore eius ipsum numquam consectetur quiquia. Neque consectetur modi quisquam non quaerat tempora ipsum. Ut dolorem sit dolor. Etincidunt porro adipisci etincidunt. Voluptatem modi non eius ipsum quiquia. Velit labore adipisci labore ut amet modi tempora.', 472.0, 18, 0, 0, 538, 0, 0, NULL, 1, 8, '2024-04-03 17:13:09'),
    (3, 'Product 3 - Quisquam dolore volu', 'Quiquia neque non numquam modi. Adipisci numquam velit quisquam sed est adipisci. Amet sit voluptatem dolor dolore ipsum magnam. Sit magnam consectetur sit magnam sit neque. Amet amet ut amet adipisci magnam quaerat. Dolor amet velit adipisci dolorem sit. Porro non quisquam sit.', 329.01, 4, 1, 1, 5326, 1, 0, 4.6, 2, 10, '2024-11-05 17:13:09'),
    (4, 'Product 4 - Labore dolor quaerat', 'Eius non ut numquam neque magnam sit dolor. Sed sed velit quisquam. Dolore quisquam non est ipsum sed. Ut labore labore amet quiquia. Quiquia consectetur aliquam dolorem etincidunt amet. Non est tempora magnam.', 172.87, 78, 0, 0, 9087, 0, 1, 1.1, 1, 6, '2024-05-14 17:13:09'),
    (5, 'Product 5 - Velit quisquam ipsum', 'Neque est amet magnam quaerat ut. Amet tempora quaerat voluptatem adipisci amet. Quisquam eius sit eius. Neque modi labore porro consectetur adipisci tempora neque. Dolor non tempora sit eius. Voluptatem dolorem magnam quaerat etincidunt dolorem velit.', 421.8, 26, 1, 1, 7608, 0, 0, 4.7, 2, 2, '2024-05-19 17:13:09'),
    (6, 'Product 6 - Voluptatem consectet', 'Est sit quaerat quaerat etincidunt numquam ipsum. Labore voluptatem modi quaerat tempora numquam quiquia. Ipsum ut magnam etincidunt voluptatem quisquam voluptatem etincidunt. Numquam consectetur numquam numquam est labore quaerat dolorem. Quisquam quaerat tempora ut dolor eius sit labore. Numquam tempora tempora dolorem ut eius tempora quisquam. Dolore dolorem sit amet modi porro neque. Modi labore amet quaerat consectetur quaerat sed. Aliquam etincidunt dolorem est amet quaerat porro. Modi dolorem modi ipsum quiquia.', 388.67, 98, 1, 0, 4387, 1, 0, 1.5, 1, 4, '2025-02-01 17:13:09'),
    (7, 'Product 7 - Modi quisquam quisqu', 'Non dolorem quaerat consectetur. Adipisci tempora velit dolore. Quaerat magnam sit ipsum labore. Sit quaerat ut quisquam porro dolore est ipsum. Tempora consectetur quiquia etincidunt adipisci. Quisquam amet velit neque sit dolor. Numquam non sed quaerat velit dolorem aliquam sit. Velit ut ipsum est adipisci magnam. Consectetur dolor sed velit sed etincidunt voluptatem eius. Dolore sit quisquam non porro modi dolor.', 97.86, 38, 1, 0, 1261, 1, 1, 1.3, 1, 1, '2025-01-02 17:13:09'),
    (8, 'Product 8 - Quisquam quisquam qu', 'Tempora velit quaerat quaerat ut. Labore amet dolorem non. Ut dolorem quaerat sit magnam sit neque voluptatem. Magnam neque sed dolore neque quiquia. Dolor numquam velit modi magnam quisquam adipisci. Porro consectetur dolore non dolor neque neque voluptatem. Consectetur amet amet quisquam sed quisquam dolorem. Numquam quiquia etincidunt quiquia consectetur est quisquam. Quisquam consectetur neque neque eius magnam velit. Neque ut est modi ipsum modi.', 756.84, 36, 1, 1, 3508, 1, 1, 3.6, 3, 9, '2025-01-09 17:13:09'),
    (9, 'Product 9 - Velit velit ut sit d', 'Aliquam quaerat ut amet. Sit ipsum quisquam modi porro dolor amet porro. Dolorem est neque aliquam. Amet tempora sed adipisci aliquam magnam tempora est. Numquam magnam velit modi magnam consectetur etincidunt dolor. Sit dolorem dolor magnam sed numquam numquam. Neque porro porro labore quaerat est est neque.', 29.18, 72, 0, 1, 8028, 1, 0, 1.8, 3, 2, '2024-03-18 17:13:09'),
    (10, 'Product 10 - Etincidunt neque mag', 'Magnam ut neque eius neque etincidunt ut. Dolore numquam velit quiquia adipisci. Porro quiquia tempora aliquam quaerat aliquam quisquam aliquam. Consectetur eius numquam dolore dolor quaerat. Est eius etincidunt consectetur eius voluptatem. Neque amet numquam amet. Velit etincidunt consectetur dolorem. Eius quaerat aliquam voluptatem non ipsum non. Amet aliquam modi quiquia neque. Adipisci dolorem dolor aliquam non amet quaerat numquam.', 302.33, 10, 1, 1, 1552, 0, 0, 4.4, 5, 1, '2024-09-10 17:13:09'),
    (11, 'Product 11 - Porro amet quisquam ', 'Amet dolorem amet sit etincidunt adipisci quaerat. Quiquia dolor sit modi. Modi ipsum adipisci porro quisquam voluptatem dolore. Neque ipsum eius numquam quaerat. Numquam neque dolor numquam tempora amet ut. Ipsum etincidunt etincidunt sed adipisci neque amet dolor. Consectetur neque sit ut.', 411.58, 32, 1, 1, 9233, 0, 0, NULL, 4, 10, '2025-02-26 17:13:09'),
    (12, 'Product 12 - Quiquia ut numquam q', 'Dolorem dolor tempora dolore magnam non. Amet dolorem ut modi quaerat quaerat est dolorem. Consectetur ut magnam consectetur quiquia. Voluptatem sed velit ipsum. Dolore quaerat velit modi non labore.', 566.52, 56, 0, 1, 4632, 1, 0, 4.5, 4, 9, '2025-02-05 17:13:09'),
    (13, 'Product 13 - Quiquia labore quisq', 'Amet numquam modi labore labore ut magnam magnam. Eius labore velit quiquia quaerat dolor adipisci dolore. Quisquam magnam modi quiquia dolore porro tempora. Adipisci sit dolore dolore porro quaerat est numquam. Consectetur neque etincidunt velit. Magnam ipsum porro voluptatem ut est dolorem adipisci. Quiquia eius labore porro sed voluptatem. Eius voluptatem quisquam dolor quaerat.', 468.67, 45, 0, 1, 4302, 1, 0, NULL, 4, 2, '2024-11-08 17:13:09'),
    (14, 'Product 14 - Numquam modi ipsum q', 'Ipsum voluptatem est sit. Porro non voluptatem est numquam. Ut magnam modi non magnam non sed labore. Modi sed dolorem dolorem. Dolor tempora velit tempora quiquia etincidunt numquam. Aliquam velit voluptatem dolor labore porro ipsum.', 632.89, 96, 0, 1, 8219, 1, 1, 4.4, 3, 7, '2024-09-30 17:13:09'),
    (15, 'Product 15 - Magnam dolore sed do', 'Etincidunt ipsum velit adipisci dolorem adipisci magnam labore. Est neque adipisci modi ipsum. Ut aliquam aliquam est quiquia eius dolore dolor. Ipsum dolorem eius ut quaerat labore adipisci sit. Velit tempora quiquia amet velit non etincidunt.', 659.29, 77, 1, 0, 5895, 0, 0, NULL, 2, 8, '2024-04-07 17:13:09'),
    (16, 'Product 16 - Dolor eius porro num', 'Ipsum aliquam neque numquam modi ut. Velit eius porro quiquia amet porro. Ipsum modi adipisci modi dolorem amet amet. Modi quisquam tempora neque tempora quisquam eius dolor. Ipsum porro dolore adipisci. Modi etincidunt etincidunt adipisci magnam tempora amet.', 350.9, 63, 1, 1, 271, 0, 1, 1.8, 3, 6, '2025-01-05 17:13:09'),
    (17, 'Product 17 - Amet consectetur sit', 'Quisquam numquam non porro. Labore dolor ipsum quaerat. Dolor consectetur numquam dolore ipsum numquam adipisci sit. Etincidunt modi ipsum modi. Voluptatem tempora eius sed tempora eius velit.', 203.75, 19, 0, 1, 699, 1, 1, 4.5, 5, 4, '2024-10-12 17:13:09'),
    (18, 'Product 18 - Etincidunt sit dolor', 'Est ipsum eius sit. Quiquia consectetur non sit. Consectetur aliquam ut non quiquia dolor voluptatem velit. Velit modi labore quiquia ut consectetur. Porro voluptatem velit etincidunt quisquam amet. Ipsum porro dolore sed eius adipisci etincidunt etincidunt. Neque velit quisquam amet est labore ipsum.', 409.44, 6, 0, 1, 4252, 0, 0, 2.7, 2, 9, '2024-07-19 17:13:09'),
    (19, 'Product 19 - Ipsum tempora dolor ', 'Sit aliquam porro neque. Adipisci aliquam dolore non adipisci. Adipisci ipsum magnam eius modi velit porro. Tempora magnam numquam numquam. Quisquam adipisci numquam numquam. Velit etincidunt ipsum sit aliquam. Dolorem porro sit dolorem tempora est. Adipisci porro adipisci modi aliquam velit voluptatem aliquam.', 654.25, 82, 0, 1, 6436, 0, 0, 3.2, 3, 9, '2024-07-10 17:13:09'),
    (20, 'Product 20 - Dolor amet porro vol', 'Quisquam eius modi dolore ipsum labore tempora dolor. Neque non est numquam etincidunt neque labore. Voluptatem dolore sit sed eius neque. Neque modi dolor non modi porro dolor. Neque consectetur adipisci magnam sit voluptatem adipisci. Quisquam numquam eius amet. Velit sed est etincidunt velit neque amet. Labore consectetur non sed sed labore ipsum est. Adipisci eius modi amet. Consectetur non quisquam tempora.', 363.18, 30, 1, 0, 2690, 1, 1, 1.5, 2, 10, '2024-12-10 17:13:09');

INSERT INTO product_images (id, productId, image, isMain, sortOrder, createdAt)
VALUES
    (1, 1, 'pearl-decade-maple-dmpc925sp-c889-bo-mau-gloss-exotic-maple.jpg', 1, 0, '2024-03-11 17:13:09'),
    (2, 1, 'pearl-export-exx725sp-c778-trong-bo-mau-metallic-silver-twst.jpg', 0, 1, '2024-03-11 17:13:09'),
    (3, 1, 'roland-td-50kvx.jpg', 0, 2, '2024-03-11 17:13:09'),
    (4, 1, 'pearl-export-exx725sp-c779-trong-bo-mau-metallic-amethyst-tw.jpg', 0, 3, '2024-03-11 17:13:09'),
    (5, 1, 'color2.jpg', 0, 4, '2024-03-11 17:13:09'),
    (6, 2, 'pearl-sth1465al-sensitone-heritage-alloy-14.jpg', 1, 0, '2024-04-03 17:13:09'),
    (7, 2, 'trong-pearl-roadshow-584-jazz-style.gif', 0, 1, '2024-04-03 17:13:09'),
    (8, 2, 'roland-td-02k.png', 0, 2, '2024-04-03 17:13:09'),
    (9, 2, 'pearl-decade-maple-dmpc925sp-c828-bo-mau-matee-dark-walnut.jpg', 0, 3, '2024-04-03 17:13:09'),
    (10, 2, '18757201_800.jpg', 0, 4, '2024-04-03 17:13:09'),
    (11, 3, 'trong-compact-traveler-kit-pctk-1810.gif', 1, 0, '2024-11-05 17:13:09'),
    (12, 3, 'roland-td-17kv-x2.jpg', 0, 1, '2024-11-05 17:13:09'),
    (13, 3, 'product_detail.jpg', 0, 2, '2024-11-05 17:13:09'),
    (14, 3, 'product_detail_3.jpg', 0, 3, '2024-11-05 17:13:09'),
    (15, 3, 'alesis-nitro-max-kit.png', 0, 4, '2024-11-05 17:13:09'),
    (16, 4, 'roland-td-25kvx-kd-220.jpg', 1, 0, '2024-05-14 17:13:09'),
    (17, 4, 'pearl-dmp0807t-c261-trong-tom-8x7-mau-gloss-deep-red-burst.jpg', 0, 1, '2024-05-14 17:13:09'),
    (18, 4, 'pearl-decade-maple-dmp925fp-c261-bo-mau-gloss-deep-red-burst.jpg', 0, 2, '2024-05-14 17:13:09'),
    (19, 4, 'pearl-export-exx725sp-c779-trong-bo-mau-metallic-amethyst-tw.jpg', 0, 3, '2024-05-14 17:13:09'),
    (20, 4, 'pearl-s-930d.jpg', 0, 4, '2024-05-14 17:13:09'),
    (21, 5, 'product_detail_3.jpg', 1, 0, '2024-05-19 17:13:09'),
    (22, 5, 'alesis-surge-se-kit.jpg', 0, 1, '2024-05-19 17:13:09'),
    (23, 5, 'trong-compact-traveler-kit-pctk-1810.gif', 0, 2, '2024-05-19 17:13:09'),
    (24, 5, 'trong-co-ludwig-breakbeats-lc279-16101314-viet-music.webp', 0, 3, '2024-05-19 17:13:09'),
    (25, 5, 'odery-cafekit-bs-trong-bo-mau-blue-sparkle-finish.jpg', 0, 4, '2024-05-19 17:13:09'),
    (26, 6, 'images (1).jpg', 1, 0, '2025-02-01 17:13:09'),
    (27, 6, 'roland-td-17kv-l.jpg', 0, 1, '2025-02-01 17:13:09'),
    (28, 6, 'roland-td-07dmk.jpg', 0, 2, '2025-02-01 17:13:09'),
    (29, 6, 'alesis-command-se-kit.jpg', 0, 3, '2025-02-01 17:13:09'),
    (30, 6, 'roland-td-02kv.jpg', 0, 4, '2025-02-01 17:13:09'),
    (31, 7, 'product_detail_4.jpg', 1, 0, '2025-01-02 17:13:09'),
    (32, 7, 'pearl-decade-maple-dmpc925sp-c828-bo-mau-matee-dark-walnut.jpg', 0, 1, '2025-01-02 17:13:09'),
    (33, 7, 'pearl-export-exx725sp-c777-trong-bo-mau-slipstream-white.jpg', 0, 2, '2025-01-02 17:13:09'),
    (34, 7, 'roland-td-17kl.jpg', 0, 3, '2025-01-02 17:13:09'),
    (35, 7, 'pearl-decade-maple-dmpc925sp-c828-bo-mau-matee-dark-walnut.jpg', 0, 4, '2025-01-02 17:13:09'),
    (36, 8, 'alesis-debut-kit.jpg', 1, 0, '2025-01-09 17:13:09'),
    (37, 8, 'roland-td-1dmk.jpg', 0, 1, '2025-01-09 17:13:09'),
    (38, 8, 'trong-pearl-roadshow-505.jpg', 0, 2, '2025-01-09 17:13:09'),
    (39, 8, 'pearl-t-bo-kich-22.jpg', 0, 3, '2025-01-09 17:13:09'),
    (40, 8, 'roland-td-17kv-x2.jpg', 0, 4, '2025-01-09 17:13:09'),
    (41, 9, 'pearl-export-exx725sp-c777-trong-bo-mau-slipstream-white.jpg', 1, 0, '2024-03-18 17:13:09'),
    (42, 9, 'trong-pearl-roadshow-rs525-standard.jpg', 0, 1, '2024-03-18 17:13:09'),
    (43, 9, 'trong-co-ludwig-breakbeats-lc279-16101314-viet-music.webp', 0, 2, '2024-03-18 17:13:09'),
    (44, 9, 'color2.jpg', 0, 3, '2024-03-18 17:13:09'),
    (45, 9, 'roland-td-07dmk.jpg', 0, 4, '2024-03-18 17:13:09'),
    (46, 10, 'trong-compact-traveler-kit-pctk-1810.gif', 1, 0, '2024-09-10 17:13:09'),
    (47, 10, 'pearl-sth1450br.jpg', 0, 1, '2024-09-10 17:13:09'),
    (48, 10, 'pearl-sth1465al-sensitone-heritage-alloy-14.jpg', 0, 2, '2024-09-10 17:13:09'),
    (49, 10, 'alesis-debut-kit.jpg', 0, 3, '2024-09-10 17:13:09'),
    (50, 10, 'pearl-sth1450al-sensitone-heritage-alloy-14.jpg', 0, 4, '2024-09-10 17:13:09'),
    (51, 11, 'pearl-sth1465br.jpg', 1, 0, '2025-02-26 17:13:09'),
    (52, 11, 'color3.jpg', 0, 1, '2025-02-26 17:13:09'),
    (53, 11, 'alesis-surge-se-kit.jpg', 0, 2, '2025-02-26 17:13:09'),
    (54, 11, 'trong-compact-traveler-kit-pctk-1810.gif', 0, 3, '2025-02-26 17:13:09'),
    (55, 11, 'trong-compact-traveler-kit-pctk-1810.gif', 0, 4, '2025-02-26 17:13:09'),
    (56, 12, 'trong-pearl-roadshow-rs525-standard.jpg', 1, 0, '2025-02-05 17:13:09'),
    (57, 12, 'pearl-export-exx725sp-c777-trong-bo-mau-slipstream-white.jpg', 0, 1, '2025-02-05 17:13:09'),
    (58, 12, 'pearl-trong-bo-conga-pwc-202.jpg', 0, 2, '2025-02-05 17:13:09'),
    (59, 12, 'pearl-export-exx725sp-c778-trong-bo-mau-metallic-silver-twst.jpg', 0, 3, '2025-02-05 17:13:09'),
    (60, 12, 'product_detail.jpg', 0, 4, '2025-02-05 17:13:09'),
    (61, 13, 'alesis-crimson-ii-se.jpg', 1, 0, '2024-11-08 17:13:09'),
    (62, 13, 'pearl-export-exx725sp-c777-trong-bo-mau-slipstream-white.jpg', 0, 1, '2024-11-08 17:13:09'),
    (63, 13, 'roland-td-02k.png', 0, 2, '2024-11-08 17:13:09'),
    (64, 13, 'alesis-surge-mesh-kit.jpg', 0, 3, '2024-11-08 17:13:09'),
    (65, 13, 'roland-td-25kvx-kd-180.jpg', 0, 4, '2024-11-08 17:13:09'),
    (66, 14, 'pearl-export-exx725sp-c778-trong-bo-mau-metallic-silver-twst.jpg', 1, 0, '2024-09-30 17:13:09'),
    (67, 14, 'pearl-sth1450al-sensitone-heritage-alloy-14.jpg', 0, 1, '2024-09-30 17:13:09'),
    (68, 14, 'pearl-sth1450br.jpg', 0, 2, '2024-09-30 17:13:09'),
    (69, 14, 'roland-td-25kvx-kd-180.jpg', 0, 3, '2024-09-30 17:13:09'),
    (70, 14, 'trong-co-ludwig-breakbeats-lc279-16101314-viet-music.webp', 0, 4, '2024-09-30 17:13:09'),
    (71, 15, 'product_detail.jpg', 1, 0, '2024-04-07 17:13:09'),
    (72, 15, 'combo-exx725sp-c760.jpg', 0, 1, '2024-04-07 17:13:09'),
    (73, 15, 'pearl-decade-maple-dmpc925sp-c889-bo-mau-gloss-exotic-maple.jpg', 0, 2, '2024-04-07 17:13:09'),
    (74, 15, 'trong-pearl-roadshow-584-jazz-style.gif', 0, 3, '2024-04-07 17:13:09'),
    (75, 15, 'pearl-sth1465br.jpg', 0, 4, '2024-04-07 17:13:09'),
    (76, 16, 'alesis-surge-se-kit.jpg', 1, 0, '2025-01-05 17:13:09'),
    (77, 16, 'pearl-trong-bo-conga-pwc-202.jpg', 0, 1, '2025-01-05 17:13:09'),
    (78, 16, 'trong-pearl-roadshow-505.jpg', 0, 2, '2025-01-05 17:13:09'),
    (79, 16, 'pearl-matte-natural-mus1465m224.jpg', 0, 3, '2025-01-05 17:13:09'),
    (80, 16, 'roland-td-1dmk.jpg', 0, 4, '2025-01-05 17:13:09'),
    (81, 17, 'pearl-export-exx725sp-c777-trong-bo-mau-slipstream-white.jpg', 1, 0, '2024-10-12 17:13:09'),
    (82, 17, 'trong-pearl-roadshow-rs525-standard.jpg', 0, 1, '2024-10-12 17:13:09'),
    (83, 17, 'alesis-nitro-mesh-kit.jpg', 0, 2, '2024-10-12 17:13:09'),
    (84, 17, 'pearl-sth1450br.jpg', 0, 3, '2024-10-12 17:13:09'),
    (85, 17, 'odery-cafekit-bs-trong-bo-mau-blue-sparkle-finish.jpg', 0, 4, '2024-10-12 17:13:09'),
    (86, 18, 'pearl-dmp0807t-c261-trong-tom-8x7-mau-gloss-deep-red-burst.jpg', 1, 0, '2024-07-19 17:13:09'),
    (87, 18, 'pearl-t-bo-kich-22.jpg', 0, 1, '2024-07-19 17:13:09'),
    (88, 18, 'product_detail_2.jpg', 0, 2, '2024-07-19 17:13:09'),
    (89, 18, 'roland-td-17kv-l.jpg', 0, 3, '2024-07-19 17:13:09'),
    (90, 18, 'images (4).jpg', 0, 4, '2024-07-19 17:13:09'),
    (91, 19, 'roland-td-02k.png', 1, 0, '2024-07-10 17:13:09'),
    (92, 19, 'roland-td-17kv-x2.jpg', 0, 1, '2024-07-10 17:13:09'),
    (93, 19, 'pearl-decade-maple-dmp925fp-c261-bo-mau-gloss-deep-red-burst.jpg', 0, 2, '2024-07-10 17:13:09'),
    (94, 19, 'roland-td-50kvx.jpg', 0, 3, '2024-07-10 17:13:09'),
    (95, 19, 'pearl-sth1450al-sensitone-heritage-alloy-14.jpg', 0, 4, '2024-07-10 17:13:09'),
    (96, 20, 'product_detail_2.jpg', 1, 0, '2024-12-10 17:13:09'),
    (97, 20, 'pearl-export-exx725sp-c779-trong-bo-mau-metallic-amethyst-tw.jpg', 0, 1, '2024-12-10 17:13:09'),
    (98, 20, 'product_detail_3.jpg', 0, 2, '2024-12-10 17:13:09'),
    (99, 20, 'alesis-crimson-ii-se.jpg', 0, 3, '2024-12-10 17:13:09'),
    (100, 20, 'pearl-matte-natural-mus1465m224.jpg', 0, 4, '2024-12-10 17:13:09');

INSERT INTO product_colors (id, productId, name, code, image, additionalPrice, stock, status, sort_order)
VALUES
    (1, 3, 'Blue', '#0000FF', 'alesis-nitro-mesh-se-kit.png', 21.35, 20, 1, 0),
    (2, 3, 'Orange', '#FFA500', 'images (3).jpg', 11.3, 28, 1, 1),
    (3, 3, 'Gray', '#808080', 'alesis-command-se-kit.jpg', 6.63, 49, 1, 2),
    (4, 3, 'Black', '#000000', 'roland-td-50kvx.jpg', 30.56, 17, 1, 3),
    (5, 3, 'Yellow', '#FFFF00', 'alesis-crimson-ii-se.jpg', 10.16, 14, 1, 4),
    (6, 5, 'Red', '#FF0000', 'roland-td-02k.png', 42.12, 15, 1, 0),
    (7, 5, 'Yellow', '#FFFF00', 'alesis-debut-kit.jpg', 0.66, 17, 1, 1),
    (8, 5, 'Orange', '#FFA500', 'roland-vad-507.jpg', 24.85, 24, 1, 2),
    (9, 5, 'White', '#FFFFFF', 'roland-td-1dmk.jpg', 18.67, 24, 1, 3),
    (10, 5, 'Blue', '#0000FF', 'pearl-decade-maple-dmp905p-c215-trong-bo-mau-satin-gold.jpg', 9.14, 27, 1, 4),
    (11, 6, 'Green', '#00FF00', 'roland-td-17kv-l.jpg', 41.21, 24, 1, 0),
    (12, 6, 'Pink', '#FFC0CB', 'alesis-command-se-kit.jpg', 5.96, 2, 1, 1),
    (13, 6, 'Gray', '#808080', 'product_detail_1.jpg', 34.72, 35, 1, 2),
    (14, 6, 'Purple', '#800080', 'roland-td-17kv-2.jpg', 11.35, 50, 1, 3),
    (15, 6, 'Black', '#000000', 'color3.jpg', 15.28, 44, 1, 4),
    (16, 7, 'Green', '#00FF00', 'roland-td-07kv.jpg', 13.68, 6, 1, 0),
    (17, 7, 'Red', '#FF0000', 'images (1).jpg', 41.14, 34, 1, 1),
    (18, 7, 'Black', '#000000', 'product_detail_1.jpg', 42.7, 46, 1, 2),
    (19, 8, 'Black', '#000000', 'color1.jpg', 13.2, 44, 1, 0),
    (20, 8, 'Orange', '#FFA500', 'roland-td-25kvx-kd-220.jpg', 11.85, 37, 1, 1),
    (21, 10, 'Blue', '#0000FF', 'pearl-dmp0807t-c261-trong-tom-8x7-mau-gloss-deep-red-burst.jpg', 42.87, 48, 1, 0),
    (22, 10, 'Pink', '#FFC0CB', 'alesis-surge-se-kit.jpg', 14.5, 50, 1, 1),
    (23, 10, 'Purple', '#800080', 'roland-td-07dmk.jpg', 49.38, 25, 1, 2),
    (24, 10, 'Black', '#000000', 'alesis-nitroprokit.jpg', 20.32, 39, 1, 3),
    (25, 10, 'White', '#FFFFFF', 'roland-td-1dmk.jpg', 13.51, 50, 1, 4),
    (26, 11, 'Purple', '#800080', 'color1.jpg', 9.1, 17, 1, 0),
    (27, 11, 'Blue', '#0000FF', 'pearl-matte-natural-mus1465m224.jpg', 3.77, 4, 1, 1),
    (28, 11, 'Yellow', '#FFFF00', 'product_detail_1.jpg', 18.54, 35, 1, 2),
    (29, 15, 'Orange', '#FFA500', 'roland-td-07kv.jpg', 1.38, 29, 1, 0),
    (30, 15, 'Gray', '#808080', 'product_detail_2.jpg', 42.21, 23, 1, 1),
    (31, 15, 'Purple', '#800080', 'pearl-sth1465al-sensitone-heritage-alloy-14.jpg', 26.95, 37, 1, 2),
    (32, 15, 'Pink', '#FFC0CB', 'trong-compact-traveler-kit-pctk-1810.gif', 18.65, 37, 1, 3),
    (33, 15, 'Red', '#FF0000', 'pearl-s-930d.jpg', 36.03, 25, 1, 4),
    (34, 16, 'Gray', '#808080', 'roland-td-02k.png', 24.84, 4, 1, 0),
    (35, 16, 'Black', '#000000', 'pearl-s-930d.jpg', 31.38, 27, 1, 1),
    (36, 16, 'White', '#FFFFFF', 'pearl-decade-maple-dmpc925sp-c889-bo-mau-gloss-exotic-maple.jpg', 34.53, 20, 1, 2),
    (37, 16, 'Green', '#00FF00', 'roland-td-02kv.jpg', 34.27, 8, 1, 3),
    (38, 20, 'Yellow', '#FFFF00', 'pearl-export-exx725sp-c779-trong-bo-mau-metallic-amethyst-tw.jpg', 21.66, 30, 1, 0),
    (39, 20, 'White', '#FFFFFF', '18757201_800.jpg', 24.45, 44, 1, 1),
    (40, 20, 'Gray', '#808080', 'alesis-crimson-ii-se.jpg', 46.73, 50, 1, 2),
    (41, 20, 'Green', '#00FF00', 'pearl-sth1450br.jpg', 6.64, 17, 1, 3),
    (42, 20, 'Red', '#FF0000', 'roland-td-50k.jpg', 49.44, 17, 1, 4);

INSERT INTO product_color_images (imageId, colorId, image, isMain, sortOrder)
VALUES
    (1, 1, 'images (1).jpg', 1, 0),
    (2, 1, 'alesis-nitroprokit.jpg', 0, 1),
    (3, 2, 'roland-td-17kv-l.jpg', 1, 0),
    (4, 2, 'pearl-sth1465al-sensitone-heritage-alloy-14.jpg', 0, 1),
    (5, 3, 'roland-td-02kv.jpg', 1, 0),
    (6, 3, 'pearl-s-930d.jpg', 0, 1),
    (7, 4, 'images (1).jpg', 1, 0),
    (8, 4, 'pearl-decade-maple-dmp925fp-c261-bo-mau-gloss-deep-red-burst.jpg', 0, 1),
    (9, 5, 'pearl-decade-maple-dmpc925sp-c889-bo-mau-gloss-exotic-maple.jpg', 1, 0),
    (10, 5, 'alesis-surge-mesh-kit.jpg', 0, 1),
    (11, 6, 'roland-td-50k.jpg', 1, 0),
    (12, 6, 'product_detail_4.jpg', 0, 1),
    (13, 7, 'roland-td-07dmk.jpg', 1, 0),
    (14, 7, 'alesis-nitro-mesh-kit.jpg', 0, 1),
    (15, 8, 'roland-vad-706.jpg', 1, 0),
    (16, 8, 'alesis-surge-se-kit.jpg', 0, 1),
    (17, 9, 'combo-exx725sp-c760.jpg', 1, 0),
    (18, 9, 'roland-td-17kl.jpg', 0, 1),
    (19, 10, 'pearl-export-exx725sp-c777-trong-bo-mau-slipstream-white.jpg', 1, 0),
    (20, 10, 'roland-td-17kv-l.jpg', 0, 1),
    (21, 11, 'roland-td-17kv-x2.jpg', 1, 0),
    (22, 11, 'roland-td-17kl.jpg', 0, 1),
    (23, 12, 'roland-vad-706.jpg', 1, 0),
    (24, 12, 'roland-td-25kvx-kd-180.jpg', 0, 1),
    (25, 13, 'roland-td-07dmk.jpg', 1, 0),
    (26, 13, 'pearl-export-exx725sp-c779-trong-bo-mau-metallic-amethyst-tw.jpg', 0, 1),
    (27, 14, 'lazer-pad-tap-trong-pc13-52.png', 1, 0),
    (28, 14, 'pearl-decade-maple-dmpc925sp-c828-bo-mau-matee-dark-walnut.jpg', 0, 1),
    (29, 15, 'roland-vad-504.jpg', 1, 0),
    (30, 15, 'roland-vad-507.jpg', 0, 1),
    (31, 16, 'pearl-s-930d.jpg', 1, 0),
    (32, 16, 'roland-td-02kv.jpg', 0, 1),
    (33, 17, 'pearl-export-exx725sp-c779-trong-bo-mau-metallic-amethyst-tw.jpg', 1, 0),
    (34, 17, 'pearl-decade-maple-dmpc925sp-c828-bo-mau-matee-dark-walnut.jpg', 0, 1),
    (35, 18, 'trong-pearl-roadshow-505.jpg', 1, 0),
    (36, 18, 'roland-vad-706.jpg', 0, 1),
    (37, 19, 'alesis-nitro-max-kit.png', 1, 0),
    (38, 19, 'roland-td-50k.jpg', 0, 1),
    (39, 20, 'pearl-export-exx725sp-c779-trong-bo-mau-metallic-amethyst-tw.jpg', 1, 0),
    (40, 20, 'images (2).jpg', 0, 1),
    (41, 21, 'roland-vad-507.jpg', 1, 0),
    (42, 21, 'roland-td-17kl.jpg', 0, 1),
    (43, 22, 'roland-vad-504.jpg', 1, 0),
    (44, 22, 'trong-pearl-roadshow-584-jazz-style.gif', 0, 1),
    (45, 23, 'alesis-debut-kit.jpg', 1, 0),
    (46, 23, 'images (1).jpg', 0, 1),
    (47, 24, 'roland-vad-507.jpg', 1, 0),
    (48, 24, 'images (2).jpg', 0, 1),
    (49, 25, 'alesis-crimson-ii-se.jpg', 1, 0),
    (50, 25, 'pearl-trong-bo-conga-pwc-202.jpg', 0, 1),
    (51, 26, 'roland-td-25kvx-kd-220.jpg', 1, 0),
    (52, 26, 'roland-vad-507.jpg', 0, 1),
    (53, 27, 'trong-pearl-roadshow-rs525-standard.jpg', 1, 0),
    (54, 27, 'product_detail.jpg', 0, 1),
    (55, 28, 'images (3).jpg', 1, 0),
    (56, 28, 'trong-co-ludwig-breakbeats-lc279-16101314-viet-music.webp', 0, 1),
    (57, 29, 'pearl-decade-maple-dmp905p-c215-trong-bo-mau-satin-gold.jpg', 1, 0),
    (58, 29, 'product_detail_2.jpg', 0, 1),
    (59, 30, 'pearl-dmp0807t-c261-trong-tom-8x7-mau-gloss-deep-red-burst.jpg', 1, 0),
    (60, 30, 'alesis-debut-kit.jpg', 0, 1),
    (61, 31, 'alesis-command-se-kit.jpg', 1, 0),
    (62, 31, 'alesis-nitroprokit.jpg', 0, 1),
    (63, 32, 'roland-td-17kv-l.jpg', 1, 0),
    (64, 32, 'alesis-nitroprokit.jpg', 0, 1),
    (65, 33, 'pearl-sth1465br.jpg', 1, 0),
    (66, 33, 'alesis-command-mesh-kit.jpg', 0, 1),
    (67, 34, 'pearl-decade-maple-dmpc925sp-c828-bo-mau-matee-dark-walnut.jpg', 1, 0),
    (68, 34, 'roland-td-07kv.jpg', 0, 1),
    (69, 35, 'roland-vad-504.jpg', 1, 0),
    (70, 35, 'pearl-sth1465al-sensitone-heritage-alloy-14.jpg', 0, 1),
    (71, 36, 'pearl-decade-maple-dmpc925sp-c828-bo-mau-matee-dark-walnut.jpg', 1, 0),
    (72, 36, 'pearl-sth1450al-sensitone-heritage-alloy-14.jpg', 0, 1),
    (73, 37, 'pearl-export-exx725sp-c778-trong-bo-mau-metallic-silver-twst.jpg', 1, 0),
    (74, 37, 'alesis-nitro-max-kit.png', 0, 1),
    (75, 38, 'pearl-export-exx725sp-c777-trong-bo-mau-slipstream-white.jpg', 1, 0),
    (76, 38, '18757201_800.jpg', 0, 1),
    (77, 39, 'roland-td-17kv-l.jpg', 1, 0),
    (78, 39, 'pearl-decade-maple-dmp925fp-c261-bo-mau-gloss-deep-red-burst.jpg', 0, 1),
    (79, 40, 'trong-pearl-roadshow-505.jpg', 1, 0),
    (80, 40, 'pearl-decade-maple-dmp925fp-c261-bo-mau-gloss-deep-red-burst.jpg', 0, 1),
    (81, 41, 'roland-vad-507.jpg', 1, 0),
    (82, 41, 'images (1).jpg', 0, 1),
    (83, 42, 'lazer-pad-tap-trong-pc13-52.png', 1, 0),
    (84, 42, 'pearl-decade-maple-dmpc925sp-c889-bo-mau-gloss-exotic-maple.jpg', 0, 1);

INSERT INTO product_addons (id, productId, name, description, additionalPrice, stock, status, isDefault, sortOrder)
VALUES
    (1, 1, 'Installation Service for Product 1 - Magnam p', 'Adipisci labore quisquam voluptatem.', 70.65, 6, 1, 1, 0),
    (2, 1, 'Premium Package for Product 1 - Magnam p', 'Sed etincidunt quaerat eius ut amet.', 63.62, 25, 1, 0, 1),
    (3, 3, 'Premium Package for Product 3 - Quisquam', 'Neque dolore adipisci non porro dolore voluptatem porro.', 51.5, 13, 1, 1, 0),
    (4, 3, 'Accessory Bundle for Product 3 - Quisquam', 'Quisquam porro quiquia non dolor.', 47.45, 11, 1, 0, 1),
    (5, 3, 'Protection Plan for Product 3 - Quisquam', 'Est ut tempora ut adipisci.', 44.04, 1, 1, 0, 2),
    (6, 3, 'Fast Delivery for Product 3 - Quisquam', 'Quaerat etincidunt amet ipsum adipisci ipsum.', 21.28, 2, 1, 0, 3),
    (7, 5, 'Premium Package for Product 5 - Velit qu', 'Non quisquam quaerat etincidunt labore tempora.', 77.8, 17, 1, 1, 0),
    (8, 5, 'Fast Delivery for Product 5 - Velit qu', 'Velit voluptatem dolorem eius non.', 9.93, 15, 1, 0, 1),
    (9, 8, 'Premium Support for Product 8 - Quisquam', 'Est tempora quisquam velit porro.', 97.24, 20, 1, 1, 0),
    (10, 9, 'Fast Delivery for Product 9 - Velit ve', 'Tempora dolorem etincidunt labore quisquam.', 36.04, 3, 1, 1, 0),
    (11, 9, 'Extended Warranty for Product 9 - Velit ve', 'Quaerat porro aliquam porro dolore porro adipisci.', 60.41, 0, 1, 0, 1),
    (12, 9, 'Accessory Bundle for Product 9 - Velit ve', 'Non sit quaerat neque etincidunt dolorem eius.', 61.87, 1, 1, 0, 2),
    (13, 9, 'Premium Support for Product 9 - Velit ve', 'Ipsum ipsum tempora voluptatem modi.', 16.48, 21, 1, 0, 3),
    (14, 10, 'Gift Wrap for Product 10 - Etincid', 'Non tempora neque porro.', 6.55, 0, 1, 1, 0),
    (15, 10, 'Installation Service for Product 10 - Etincid', 'Amet ut modi porro labore.', 85.37, 15, 1, 0, 1),
    (16, 11, 'Installation Service for Product 11 - Porro a', 'Amet numquam sit eius labore velit neque.', 93.29, 2, 1, 1, 0),
    (17, 12, 'Premium Package for Product 12 - Quiquia', 'Quaerat tempora magnam dolor tempora est.', 97.09, 11, 1, 1, 0),
    (18, 12, 'Accessory Bundle for Product 12 - Quiquia', 'Sit eius ipsum non.', 87.34, 30, 1, 0, 1),
    (19, 13, 'Accessory Bundle for Product 13 - Quiquia', 'Eius quisquam velit velit modi.', 86.62, 18, 1, 1, 0),
    (20, 13, 'Premium Support for Product 13 - Quiquia', 'Magnam modi etincidunt labore porro velit magnam.', 61.68, 2, 1, 0, 1),
    (21, 13, 'Installation Service for Product 13 - Quiquia', 'Sed porro dolorem non.', 5.08, 1, 1, 0, 2),
    (22, 14, 'Premium Support for Product 14 - Numquam', 'Etincidunt neque ut etincidunt non magnam etincidunt porro.', 80.14, 12, 1, 1, 0),
    (23, 14, 'Gift Wrap for Product 14 - Numquam', 'Neque modi tempora ut.', 37.36, 1, 1, 0, 1),
    (24, 16, 'Gift Wrap for Product 16 - Dolor e', 'Adipisci modi aliquam porro adipisci.', 91.21, 27, 1, 1, 0),
    (25, 17, 'Gift Wrap for Product 17 - Amet co', 'Etincidunt quisquam dolore magnam voluptatem sit quiquia.', 24.73, 26, 1, 1, 0),
    (26, 17, 'Premium Support for Product 17 - Amet co', 'Ipsum ut ipsum numquam quaerat.', 9.93, 25, 1, 0, 1),
    (27, 17, 'Accessory Bundle for Product 17 - Amet co', 'Ut quisquam voluptatem aliquam.', 11.63, 14, 1, 0, 2),
    (28, 18, 'Premium Support for Product 18 - Etincid', 'Etincidunt numquam numquam quaerat quiquia dolore quiquia amet.', 22.28, 5, 1, 1, 0),
    (29, 19, 'Extended Warranty for Product 19 - Ipsum t', 'Quiquia ipsum numquam neque quisquam numquam quisquam ipsum.', 72.68, 0, 1, 1, 0),
    (30, 19, 'Gift Wrap for Product 19 - Ipsum t', 'Ipsum magnam porro etincidunt consectetur sed neque adipisci.', 22.82, 28, 1, 0, 1),
    (31, 19, 'Premium Package for Product 19 - Ipsum t', 'Numquam adipisci eius sed dolor ipsum.', 97.24, 19, 1, 0, 2),
    (32, 19, 'Protection Plan for Product 19 - Ipsum t', 'Numquam dolore quaerat aliquam dolorem non modi tempora.', 30.35, 0, 1, 0, 3);

INSERT INTO product_addon_images (imageId, addonId, image, isMain, sortOrder)
VALUES
    (1, 1, 'pearl-decade-maple-dmpc925sp-c889-bo-mau-gloss-exotic-maple.jpg', 1, 0),
    (2, 2, 'alesis-crimson-ii-se.jpg', 1, 0),
    (3, 3, 'combo-exx725sp-c760.jpg', 1, 0),
    (4, 4, 'pearl-export-exx725sp-c777-trong-bo-mau-slipstream-white.jpg', 1, 0),
    (5, 5, 'images (4).jpg', 1, 0),
    (6, 6, 'pearl-trong-bo-conga-pwc-202.jpg', 1, 0),
    (7, 7, 'roland-td-1dmk.jpg', 1, 0),
    (8, 8, 'product_detail_4.jpg', 1, 0),
    (9, 9, 'roland-vad-507.jpg', 1, 0),
    (10, 10, 'images (3).jpg', 1, 0),
    (11, 11, 'pearl-matte-natural-mus1465m224.jpg', 1, 0),
    (12, 12, 'roland-td-07dmk.jpg', 1, 0),
    (13, 13, 'roland-vad-507.jpg', 1, 0),
    (14, 14, 'roland-vad-706.jpg', 1, 0),
    (15, 15, 'roland-td-07dmk.jpg', 1, 0),
    (16, 16, 'trong-co-ludwig-breakbeats-lc279-16101314-viet-music.webp', 1, 0),
    (17, 17, 'roland-td-07dmk.jpg', 1, 0),
    (18, 18, 'alesis-debut-kit.jpg', 1, 0),
    (19, 19, 'roland-td-17kv-x2.jpg', 1, 0),
    (20, 20, 'pearl-export-exx725sp-c778-trong-bo-mau-metallic-silver-twst.jpg', 1, 0),
    (21, 21, 'color3.jpg', 1, 0),
    (22, 22, 'combo-exx725sp-c760.jpg', 1, 0),
    (23, 23, 'pearl-sth1465br.jpg', 1, 0),
    (24, 24, 'roland-vad-504.jpg', 1, 0),
    (25, 25, 'pearl-sth1450br.jpg', 1, 0),
    (26, 26, 'alesis-command-mesh-kit.jpg', 1, 0),
    (27, 27, 'color3.jpg', 1, 0),
    (28, 28, 'product_detail.jpg', 1, 0),
    (29, 29, 'product_detail_4.jpg', 1, 0),
    (30, 30, 'pearl-dmp0807t-c261-trong-tom-8x7-mau-gloss-deep-red-burst.jpg', 1, 0),
    (31, 31, 'odery-cafekit-bs-trong-bo-mau-blue-sparkle-finish.jpg', 1, 0),
    (32, 32, 'pearl-export-exx725sp-c779-trong-bo-mau-metallic-amethyst-tw.jpg', 1, 0);

